<synth>
    <style id="default">
        <font name="Arial Black" style="ITALIC" size="16"/>
        <state>
            <color value="#FFFFFF" type="FOREGROUND"/>
        </state>
    </style>
    <bind style="default" type="region" key=".*"/>
    <style id="textfield">
        <state>
            <color value="#0000FF" type="FOREGROUND"/>
            <font name="Arial" style="BOLD" size="16"/>
            <insets top="10" left="10" right="10" bottom="10"/>
            <imagePainter method="TextFieldBackground" path="textfield.png"
                          sourceInsets="10 10 10 10"/>
        </state>
    </style>
    <bind style="textfield" type="region" key="TEXTFIELD"/>
    <style id="button">
        <insets top="10" left="20" right="20" bottom="10"/>
        <state>
            <imagePainter method="buttonBackground" path="button.png"
                          sourceInsets="10 10 10 10"/>
        </state>
        <state value="PRESSED">
            <imagePainter method="buttonBackground" path="button_pressed.png"
                          sourceInsets="10 10 10 10"/>
        </state>
        <state value="MOUSE_OVER">
            <imagePainter method="buttonBackground" path="button_over.png"
                          sourceInsets="10 10 10 10"/>
        </state>
    </style>
    <bind style="button" type="region" key="Button"/>
    <style id="menu">
        <state>
            <font name="Calibri" style="BOLD" size="14"/>
        </state>
    </style>
    <bind style="menu" type="region" key="MENU"/>
    <style id="menu_item">
        <state>
            <font name="Calibri" style="BOLD" size="14"/>
        </state>
    </style>
    <bind style="menu_item" type="region" key="MENUITEM"/>
    <style id="MENU_ITEM_ACCELERATOR">
        <state>
            <font name="Calibri" style="BOLD" size="14"/>
        </state>
    </style>
    <bind style="MENU_ITEM_ACCELERATOR" type="region" key="MENUITEMACCELERATOR"/>
    <style id="menu_bar">
        <insets top="5" bottom="5"/>
        <state>

            <imagePainter method="MenuBarBackground" path="back_menubar.png" sourceInsets="10 10 10 10"/>
        </state>
    </style>
    <bind style="menu_bar" type="region" key="MENUBAR"/>
    <style id="panel">
        <state>
            <imagePainter method="panelBorder" path="border.png" paintCenter="false"
                          sourceInsets="2 2 2 2"/>
            <imagePainter method="panelBackground" path="back_panel.png"
                          sourceInsets="10 10 10 10"/>
        </state>
    </style>
    <bind style="panel" type="region" key="PANEL"/>
</synth>
