<?xml version="1.0" encoding="UTF-8"?>
<project-private xmlns="http://www.netbeans.org/ns/project-private/1">
    <editor-bookmarks xmlns="http://www.netbeans.org/ns/editor-bookmarks/2" lastBookmarkId="0"/>
    <open-files xmlns="http://www.netbeans.org/ns/projectui-open-files/2">
        <group>
            <file>file:/C:/Users/user/Work/Курсы/Java/Java%20OOP%20Java%20SE/Week%209/JavaFXApplicationFXML/src/javafxapplicationfxml/FXMLDocument.fxml</file>
            <file>file:/C:/Users/user/Work/Курсы/Java/Java%20OOP%20Java%20SE/Week%209/JavaFXApplicationFXML/src/javafxapplicationfxml/properties.properties</file>
            <file>file:/C:/Users/user/Work/Курсы/Java/Java%20OOP%20Java%20SE/Week%209/JavaFXApplicationFXML/src/javafxapplicationfxml/JavaFXApplicationFXML.java</file>
            <file>file:/C:/Users/user/Work/Курсы/Java/Java%20OOP%20Java%20SE/Week%209/JavaFXApplicationFXML/src/javafxapplicationfxml/FXMLDocumentController.java</file>
        </group>
    </open-files>
</project-private>
